"STATION","DATE","LATITUDE","LONGITUDE","ELEVATION","NAME","CDSD","CDSD_ATTRIBUTES","CLDD","CLDD_ATTRIBUTES","DP01","DP01_ATTRIBUTES","DP10","DP10_ATTRIBUTES","DP1X","DP1X_ATTRIBUTES","DSND","DSND_ATTRIBUTES","DT00","DT00_ATTRIBUTES","DT32","DT32_ATTRIBUTES","DX32","DX32_ATTRIBUTES","DX70","DX70_ATTRIBUTES","DX90","DX90_ATTRIBUTES","EMNT","EMNT_ATTRIBUTES","EMSD","EMSD_ATTRIBUTES","EMXP","EMXP_ATTRIBUTES","EMXT","EMXT_ATTRIBUTES","FZF0","FZF0_ATTRIBUTES","FZF1","FZF1_ATTRIBUTES","FZF2","FZF2_ATTRIBUTES","FZF3","FZF3_ATTRIBUTES","FZF4","FZF4_ATTRIBUTES","FZF5","FZF5_ATTRIBUTES","FZF6","FZF6_ATTRIBUTES","FZF7","FZF7_ATTRIBUTES","FZF8","FZF8_ATTRIBUTES","FZF9","FZF9_ATTRIBUTES","HDSD","HDSD_ATTRIBUTES","HTDD","HTDD_ATTRIBUTES","PRCP","PRCP_ATTRIBUTES","TAVG","TAVG_ATTRIBUTES","TMAX","TMAX_ATTRIBUTES","TMIN","TMIN_ATTRIBUTES"
"GM000004199","1879","48.1667","11.5025","515.0","MUNCHEN NYMPHENBURG, GM","53.9","","53.9","I","172","I","86","I","3","I","","","8","I","137","I","55","I","67","I","0","I","-25.3","I,1216,","","","45.0",",I,0822,","30.9","I,0803,","-2.7","I,1017","-2.7","I,1017","-7.8","I,1115","-7.8","I,1115","-10.0","I,1121","-0.1","I,0511","-3.9","I,0414","-4.9","I,0326","-10.2","I,0315","-10.2","I,0315","","","","","864.7",",I","6.37","I","10.64","I","2.10","I"
"GM000004199","1880","48.1667","11.5025","515.0","MUNCHEN NYMPHENBURG, GM","49.8","","49.8","I","183","I","115","I","7","I","","","2","I","102","I","33","I","76","I","0","I","-19.0","I,0119,","","","40.0",",I,0813,","31.3","I,0717,","-1.5","I,1024","-4.0","I,1025","-4.8","I,1227","","","","","-0.7","I,0520","-2.4","I,0326","-4.6","I,0324","-7.4","I,0314","-9.0","I,0209","4239.1","","4239.1","I","1172.7",",I","8.24","I","12.52","I","3.96","I"
"GM000004199","1881","48.1667","11.5025","515.0","MUNCHEN NYMPHENBURG, GM","127.0","","127.0","I","172","I","74","I","5","I","","","2","I","124","I","32","I","72","I","3","I","-20.4","I,0123,","","","92.0",",I,0528,","34.1","I,0706,","-1.9","I,0925","-2.4","I,1030","-8.5","I,1225","-8.5","I,1225","-11.0","I,1226","-0.4","I,0512","-2.3","I,0421","-5.6","I,0323","-8.8","I,0303","-9.6","I,0216","3501.8","","3501.8","I","813.5",",I","7.69","I","12.06","I","3.32","I"
"GM000004199","1882","48.1667","11.5025","515.0","MUNCHEN NYMPHENBURG, GM","28.5","","28.5","I","176","I","95","I","3","I","","","0","I","103","I","30","I","57","I","0","I","-12.7","I,0204,","","","34.3",",I,0605,","29.6","I,0530,","0.0","I,1020","-4.6","I,1118","-4.6","I,1118","-8.0","I,1119","-10.8","I,1203","-3.1","I,0413","-3.1","I,0413","-5.7","I,0213","-7.8","I,0212","-11.6","I,0209","3722.9","","3722.9","I","982.6",",I","8.22","I","12.63","I","3.80","I"
"GM000004199","1883","48.1667","11.5025","515.0","MUNCHEN NYMPHENBURG, GM","51.0","","51.0","I","174","I","94","I","2","I","","","1","I","118","I","32","I","67","I","0","I","-17.9","I,1209,","","","40.1",",I,0613,","31.2","I,0713,","-1.3","I,1008","-2.6","I,1115","-6.0","I,1116","-15.2","I,1207","-15.2","I,1207","-0.3","I,0426","-3.9","I,0330","-9.3","I,0324","-9.3","I,0324","-9.3","I,0324","3791.3","","3791.3","I","887.4",",I","7.78","I","11.94","I","3.63","I"
"GM000004199","1884","48.1667","11.5025","515.0","MUNCHEN NYMPHENBURG, GM","74.9","","74.9","I","159","I","87","I","3","I","","","0","I","98","I","17","I","71","I","1","I","-10.9","I,1126,","","","69.1",",I,0804,","32.5","I,0716,","0.0","I,1013","-4.2","I,1113","-4.8","I,1115","-7.5","I,1124","-10.9","I,1126","-0.2","I,0422","-3.8","I,0304","-6.5","I,0229","-7.2","I,0219","","","3659.6","","3659.6","I","801.9",",I","8.55","I","12.87","I","4.23","I"
"GM000004199","1885","48.1667","11.5025","515.0","MUNCHEN NYMPHENBURG, GM","81.7","","81.7","I","152","I","83","I","6","I","","","0","I","110","I","37","I","91","I","0","I","-16.2","I,0127,","","","73.4",",I,0701,","28.4","I,0713,+","-1.6","I,1022","-3.2","I,1113","-4.4","I,1117","-7.4","I,1118","-10.0","I,1211","0.0","I,0411","-5.5","I,0325","-5.5","I,0325","-12.0","I,0214","-12.0","I,0214","3825.9","","3825.9","I","962.5",",I","8.10","I","12.57","I","3.62","I"
"GM000004199","1886","48.1667","11.5025","515.0","MUNCHEN NYMPHENBURG, GM","86.4","","86.4","I","175","I","88","I","3","I","","","0","I","109","I","46","I","82","I","0","I","-17.1","I,0122,","","","52.0",",I,0825,","31.2","I,0726,","0.0","I,1110","-4.4","I,1125","-4.4","I,1125","-9.2","I,1206","-9.2","I,1206","-0.2","I,0504","-2.3","I,0320","-5.8","I,0317","-11.2","I,0314","-11.2","I,0314","3918.9","","3918.9","I","931.6",",I","8.33","I","12.59","I","4.07","I"
"GM000004199","1887","48.1667","11.5025","515.0","MUNCHEN NYMPHENBURG, GM","107.8","","107.8","I","164","I","93","I","1","I","","","1","I","141","I","51","I","79","I","0","I","-18.9","I,0119,","","","26.3",",I,0721,","30.6","I,0731,","0.0","I,1012","-3.5","I,1023","-4.4","I,1026","-9.4","I,1117","-9.4","I,1117","-0.3","I,0419","-5.0","I,0418","-5.0","I,0418","-7.4","I,0321","-10.5","I,0320","3881.4","","3881.4","I","729.6",",I","6.97","I","11.17","I","2.76","I"
"GM000004199","1888","48.1667","11.5025","515.0","MUNCHEN NYMPHENBURG, GM","57.9","","57.9","I","170","I","98","I","7","I","","","3","I","124","I","47","I","60","I","0","I","-22.3","I,0102,","","","60.1",",I,0426,","30.5","I,0604,","-0.3","I,1007","-4.5","I,1020","-4.5","I,1020","-7.1","I,1110","-10.9","I,1214","-1.3","I,0413","-3.1","I,0412","-8.7","I,0408","-8.7","I,0408","-11.3","I,0304","4101.8","","4101.8","I","978.2",",I","7.30","I","11.30","I","3.29","I"
"GM000004199","1889","48.1667","11.5025","515.0","MUNCHEN NYMPHENBURG, GM","55.7","","55.7","I","180","I","101","I","6","I","","","0","I","128","I","66","I","86","I","0","I","-16.2","I,0214,","","","35.0",",I,0604,","30.8","I,0712,","-4.3","I,1017","-4.3","I,1017","-5.4","I,1123","-8.3","I,1202","-8.9","I,1203","-0.8","I,0418","-3.4","I,0417","-13.7","I,0317","-13.7","I,0317","-13.7","I,0317","4014.5","","4014.5","I","967.0",",I","7.38","I","11.22","I","3.53","I"
"GM000004199","1890","48.1667","11.5025","515.0","MUNCHEN NYMPHENBURG, GM","53.1","","53.1","I","164","I","94","I","6","I","","","0","I","111","I","62","I","64","I","0","I","-17.1","I,0304,","","","43.3",",I,0902,","30.9","I,0819,","-2.5","I,1022","-2.5","I,1022","-9.4","I,1126","-9.4","I,1126","-9.4","I,1126","-1.7","I,0414","-2.3","I,0315","-4.9","I,0306","-14.3","I,0305","-14.3","I,0305","3923.2","","3923.2","I","961.0",",I","7.44","I","11.69","I","3.18","I"
"GM000004199","1891","48.1667","11.5025","515.0","MUNCHEN NYMPHENBURG, GM","49.9","","49.9","I","179","I","94","I","1","I","","","3","I","120","I","41","I","68","I","1","I","-18.7","I,0117,","","","64.0",",I,0704,","33.7","I,0701,","-2.7","I,1029","-2.7","I,1029","-6.4","I,1031","-7.3","I,1106","-9.4","I,1220","-0.4","I,0422","-2.4","I,0420","-6.9","I,0402","-6.9","I,0402","-12.7","I,0215","4245.0","","4245.0","I","821.5",",I","7.56","I","11.73","I","3.39","I"
"GM000004199","1892","48.1667","11.5025","515.0","MUNCHEN NYMPHENBURG, GM","114.2","","114.2","I","172","I","98","I","3","I","","","0","I","116","I","43","I","74","I","3","I","-15.9","I,0122,+","","","37.9",",I,0904,","35.3","I,0817,","-0.5","I,1019","-4.8","I,1021","-4.8","I,1021","-9.0","I,1209","-9.0","I,1209","-1.6","I,0421","-2.7","I,0320","-5.1","I,0316","-8.0","I,0313","-10.7","I,0308","3783.3","","3783.3","I","939.3",",I","8.20","I","12.34","I","4.06","I"
"GM000004199","1893","48.1667","11.5025","515.0","MUNCHEN NYMPHENBURG, GM","82.3","","82.3","I","162","I","96","I","1","I","","","6","I","112","I","42","I","82","I","0","I","-25.5","I,0117,","","","44.6",",I,0729,","30.8","I,0823,","-0.6","I,1021","-2.5","I,1108","-5.2","I,1113","-7.0","I,1203","-10.6","I,1204","-1.0","I,0508","-2.2","I,0329","-5.0","I,0319","-8.5","I,0207","-11.3","I,0206","3768.4","","3768.4","I","787.7",",I","8.13","I","12.58","I","3.67","I"
"GM000004199","1894","48.1667","11.5025","515.0","MUNCHEN NYMPHENBURG, GM","72.0","","72.0","I","175","I","99","I","3","I","","","2","I","100","I","32","I","68","I","2","I","-21.0","I,0104,","","","29.6",",I,1001,","32.8","I,0725,","-1.4","I,1018","-2.4","I,1123","-5.5","I,1202","-7.9","I,1212","-9.5","I,1213","-0.5","I,0329","-2.3","I,0327","-4.4","I,0224","-8.6","I,0223","-10.0","I,0222","3723.5","","3723.5","I","983.4",",I","8.33","I","12.64","I","4.01","I"
"GM000004199","1895","48.1667","11.5025","515.0","MUNCHEN NYMPHENBURG, GM","92.2","","92.2","I","179","I","85","I","4","I","","","2","I","131","I","57","I","89","I","0","I","-19.3","I,0206,","","","41.0",",I,0812,","31.7","I,0728,","-0.3","I,1017","-2.3","I,1018","-5.2","I,1122","-8.9","I,1227","-8.9","I,1227","0.0","I,0416","-2.8","I,0321","-4.6","I,0318","-12.0","I,0309","-12.0","I,0309","4124.2","","4124.2","I","836.6",",I","7.66","I","12.10","I","3.22","I"
"GM000004199","1896","48.1667","11.5025","515.0","MUNCHEN NYMPHENBURG, GM","28.8","","28.8","I","172","I","104","I","3","I","","","0","I","128","I","39","I","51","I","0","I","-14.6","I,0112,","","","53.6",",I,0308,","29.0","I,0710,","-1.9","I,1025","-2.4","I,1106","-7.3","I,1127","-7.3","I,1127","-10.4","I,1130","-1.3","I,0425","-2.7","I,0404","-6.1","I,0226","-7.3","I,0225","-10.7","I,0224","3669.8","","3669.8","I","1017.9",",I","7.47","I","11.40","I","3.54","I"
"GM000004199","1897","48.1667","11.5025","515.0","MUNCHEN NYMPHENBURG, GM","55.9","","55.9","I","180","I","113","I","4","I","","","0","I","129","I","28","I","73","I","0","I","-10.4","I,1127,","","","48.5",",I,0823,","30.0","I,0701,","-0.6","I,1006","-3.1","I,1104","-4.7","I,1112","-8.8","I,1126","-10.4","I,1127","-0.2","I,0516","-2.4","I,0315","-5.3","I,0217","-7.6","I,0128","-10.1","I,0107","3821.1","","3821.1","I","1104.1",",I","8.15","I","12.32","I","3.97","I"
"GM000004199","1898","48.1667","11.5025","515.0","MUNCHEN NYMPHENBURG, GM","81.9","","81.9","I","162","I","105","I","2","I","","","0","I","96","I","13","I","70","I","0","I","-12.8","I,1226,","","","28.6",",I,1020,","30.0","I,0820,","-0.4","I,1119","-2.4","I,1120","-5.4","I,1221","-9.0","I,1222","-9.0","I,1222","-0.9","I,0407","-3.3","I,0406","-5.2","I,0226","-7.1","I,0213","-10.0","I,0211","3707.2","","3707.2","I","968.1",",I","9.03","I","13.17","I","4.90","I"
"GM000004199","1899","48.1667","11.5025","515.0","MUNCHEN NYMPHENBURG, GM","68.2","","68.2","I","156","I","87","I","6","I","","","5","I","104","I","28","I","71","I","0","I","-19.1","I,1218,","","","111.5",",I,0913,","32.0","I,0723,","-0.4","I,1009","-3.6","I,1117","-10.4","I,1208","-10.4","I,1208","-10.4","I,1208","-0.6","I,0505","-2.2","I,0413","-7.5","I,0326","-7.5","I,0326","-10.7","I,0322","3421.8","","3421.8","I","1057.2",",I","8.52","I","13.08","I","3.96","I"
"GM000004199","1900","48.1667","11.5025","515.0","MUNCHEN NYMPHENBURG, GM","91.9","","91.9","I","188","I","106","I","6","I","","","0","I","113","I","15","I","81","I","2","I","-15.4","I,0115,+","","","70.9",",I,1205,","32.2","I,0727,+","-2.0","I,1023","-3.7","I,1117","-5.0","I,1128","","","","","-0.2","I,0518","-5.2","I,0404","-5.2","I,0404","-7.5","I,0402","-12.1","I,0306","3804.0","","3804.0","I","1070.0",",I","8.70","I","13.15","I","4.25","I"
"GM000004199","1901","48.1667","11.5025","515.0","MUNCHEN NYMPHENBURG, GM","59.0","","59.0","I","132","I","80","I","2","I","","","2","I","120","I","47","I","80","I","0","I","-19.2","I,0222,+","","","41.9",",I,0616,","30.3","I,0601,","-0.4","I,1013","-2.6","I,1102","-5.6","I,1105","-7.0","I,1128","","","0.0","I,0420","-6.4","I,0330","-6.4","I,0330","-17.4","I,0223","-17.4","I,0223","3719.9","","3719.9","I","721.8",",I","7.82","I","12.07","I","3.57","I"
"GM000004199","1902","48.1667","11.5025","515.0","MUNCHEN NYMPHENBURG, GM","85.7","","85.7","I","173","I","99","I","1","I","","","0","I","102","I","25","I","56","I","0","I","-14.2","I,1206,","","","30.4",",I,0518,","30.2","I,0819,","-1.2","I,1025","-2.2","I,1104","-4.4","I,1117","-7.4","I,1118","-9.0","I,1204","-0.4","I,0428","-5.2","I,0314","-5.2","I,0314","-7.2","I,0226","","","3601.8","","3601.8","I","783.4",",I","8.12","I","12.11","I","4.12","I"
"GM000004199","1903","48.1667","11.5025","515.0","MUNCHEN NYMPHENBURG, GM","48.6","","48.6","I","156","I","87","I","3","I","","","0","I","114","I","26","I","88","I","0","I","-15.4","I,0118,","","","54.6",",I,0704,","30.2","I,0718,","-1.8","I,1020","-3.6","I,1021","-6.2","I,1203","-9.8","I,1204","-9.8","I,1204","-2.9","I,0421","-2.9","I,0421","-4.9","I,0219","-8.4","I,0218","-13.8","I,0123","3691.4","","3691.4","I","833.5",",I","8.77","I","13.59","I","3.94","I"
"GM000004199","1904","48.1667","11.5025","515.0","MUNCHEN NYMPHENBURG, GM","117.9","","117.9","I","146","I","75","I","3","I","","","0","I","111","I","32","I","88","I","0","I","-13.0","I,0128,","","","46.0",",I,0908,","31.9","I,0717,","-1.8","I,1114","-4.4","I,1115","-4.4","I,1115","-9.2","I,1128","-9.2","I,1128","-0.4","I,0412","-4.8","I,0304","-4.8","I,0304","-6.8","I,0229","-10.2","I,0228","3653.2","","3653.2","I","778.7",",I","8.65","I","12.97","I","4.33","I"
"GM000004199","1905","48.1667","11.5025","515.0","MUNCHEN NYMPHENBURG, GM","131.6","","131.6","I","197","I","94","I","5","I","","","2","I","115","I","23","I","81","I","2","I","-19.8","I,0103,","","","38.4",",I,0807,","34.1","I,0704,","-0.8","I,1017","-2.3","I,1018","-5.3","I,1027","-6.8","I,1213","-10.1","I,1231","-0.9","I,0423","-3.1","I,0409","-10.6","I,0214","-10.6","I,0214","-10.6","I,0214","3735.4","","3735.4","I","937.2",",I","8.22","I","12.23","I","4.21","I"
"GM000004199","1906","48.1667","11.5025","515.0","MUNCHEN NYMPHENBURG, GM","95.5","","95.5","I","188","I","86","I","6","I","","","0","I","116","I","31","I","75","I","0","I","-14.2","I,0125,","","","42.4",",I,0706,","31.9","I,0803,","0.0","I,0926","-3.4","I,1112","-7.6","I,1220","-7.6","I,1220","-9.8","I,1221","-0.1","I,0426","-3.0","I,0404","-5.3","I,0330","-7.0","I,0223","-10.8","I,0126","3762.1","","3762.1","I","840.7",",I","8.51","I","12.84","I","4.19","I"
"GM000004199","1907","48.1667","11.5025","515.0","MUNCHEN NYMPHENBURG, GM","61.6","","61.6","I","177","I","86","I","2","I","","","2","I","124","I","29","I","86","I","0","I","-21.0","I,0123,","","","41.7",",I,0830,","31.8","I,0806,","-2.2","I,1105","-2.2","I,1105","-4.8","I,1108","-7.0","I,1217","","","-0.6","I,0502","-2.3","I,0421","-6.2","I,0313","-7.4","I,0312","-12.1","I,0212","3775.6","","3775.6","I","825.6",",I","8.38","I","12.66","I","4.09","I"
"GM000004199","1908","48.1667","11.5025","515.0","MUNCHEN NYMPHENBURG, GM","77.3","","77.3","I","152","I","72","I","2","I","","","1","I","144","I","34","I","79","I","0","I","-18.8","I,0113,","","","47.5",",I,0831,","32.1","I,0712,","-1.8","I,1019","-3.2","I,1020","-8.1","I,1021","-8.1","I,1021","-11.3","I,1229","-0.7","I,0422","-2.8","I,0421","-5.4","I,0326","-10.0","I,0206","-10.0","I,0206","3641.9","","3641.9","I","754.1",",I","7.79","I","12.19","I","3.40","I"
"GM000004199","1909","48.1667","11.5025","515.0","MUNCHEN NYMPHENBURG, GM","46.4","","46.4","I","167","I","93","I","5","I","","","0","I","114","I","49","I","69","I","0","I","-15.0","I,0224,","","","40.4",",I,0701,","27.8","I,0602,","-0.7","I,1027","-3.8","I,1110","-5.8","I,1123","-7.2","I,1124","-10.9","I,1217","-1.1","I,0508","-2.6","I,0406","-5.0","I,0404","-8.3","I,0307","-11.5","I,0227","4035.9","","4035.9","I","1000.6",",I","7.80","I","11.91","I","3.69","I"
"GM000004199","1910","48.1667","11.5025","515.0","MUNCHEN NYMPHENBURG, GM","44.7","","44.7","I","194","I","121","I","1","I","","","0","I","95","I","10","I","67","I","0","I","-10.5","I,1125,","","","40.7",",I,0119,","31.5","I,0722,","-1.1","I,1111","-2.8","I,1121","-5.9","I,1124","-10.5","I,1125","-10.5","I,1125","-0.1","I,0506","-2.5","I,0402","-4.6","I,0401","-6.8","I,0215","-9.9","I,0201","3534.7","","3534.7","I","1096.8",",I","8.74","I","12.84","I","4.63","I"
"GM000004199","1911","48.1667","11.5025","515.0","MUNCHEN NYMPHENBURG, GM","209.6","","209.6","I","140","I","79","I","1","I","","","0","I","100","I","27","I","98","I","6","I","-14.0","I,0116,","","","25.7",",I,0831,","33.7","I,0728,","0.0","I,1031","-2.8","I,1207","","","","","","","-0.1","I,0415","-2.8","I,0411","-5.8","I,0405","-13.0","I,0210","-13.0","I,0210","3686.3","","3686.3","I","681.7",",I","9.54","I","13.83","I","5.25","I"
"GM000004199","1912","48.1667","11.5025","515.0","MUNCHEN NYMPHENBURG, GM","43.4","","43.4","I","181","I","106","I","8","I","","","1","I","84","I","18","I","58","I","0","I","-18.7","I,0204,","","","48.5",",I,0722,","31.6","I,0512,","-2.4","I,1005","-2.4","I,1005","-6.1","I,1108","-8.1","I,1208","","","0.0","I,0416","-2.5","I,0414","-10.3","I,0205","-10.3","I,0205","-10.3","I,0205","3126.6","","3126.6","I","1092.3",",I","8.53","I","12.33","I","4.74","I"
"GM000004199","1913","48.1667","11.5025","515.0","MUNCHEN NYMPHENBURG, GM","31.6","","31.6","I","172","I","98","I","6","I","","","0","I","73","I","22","I","54","I","0","I","-11.5","I,0115,","","","50.9",",I,0709,","28.3","I,0530,","-0.8","I,1015","-4.8","I,1207","-4.8","I,1207","-7.0","I,1220","-8.9","I,1223","-2.4","I,0416","-2.4","I,0416","-4.8","I,0414","-6.9","I,0413","-9.0","I,0219","3730.7","","3730.7","I","938.0",",I","9.09","I","12.93","I","5.24","I"
"GM000004199","1914","48.1667","11.5025","515.0","MUNCHEN NYMPHENBURG, GM","69.4","","69.4","I","155","I","87","I","0","I","","","0","I","79","I","20","I","65","I","0","I","-12.2","I,0113,","","","22.5",",I,0110,","28.8","I,0722,","-1.1","I,1012","-2.6","I,1118","-4.4","I,1119","-7.3","I,1121","","","-0.4","I,0330","-3.0","I,0304","-5.0","I,0212","-6.9","I,0130","-11.7","I,0125","3431.7","","3431.7","I","795.3",",I","8.99","I","12.90","I","5.08","I"
"GM000004199","1915","48.1667","11.5025","515.0","MUNCHEN NYMPHENBURG, GM","83.3","","83.3","I","177","I","106","I","7","I","","","0","I","90","I","16","I","72","I","0","I","-12.9","I,1129,","","","47.2",",I,0605,","30.1","I,0608,","-0.4","I,1025","-3.1","I,1116","-6.8","I,1119","-6.8","I,1119","-9.1","I,1127","-1.2","I,0402","-2.4","I,0329","-4.8","I,0321","-8.0","I,0311","-9.7","I,0131","3383.8","","3383.8","I","989.4",",I","8.80","I","12.59","I","5.01","I"
"GM000004199","1916","48.1667","11.5025","515.0","MUNCHEN NYMPHENBURG, GM","42.5","","42.5","I","183","I","115","I","4","I","","","0","I","77","I","6","I","55","I","0","I","-6.5","I,1117,","","","43.4",",I,0507,","27.5","I,0802,","-0.1","I,1020","-2.8","I,1116","-6.5","I,1117","","","","","-0.9","I,0311","-3.2","I,0308","-4.9","I,0224","","","","","3474.4","","3474.4","I","1025.3",",I","9.30","I","13.06","I","5.54","I"
"GM000004199","1917","48.1667","11.5025","515.0","MUNCHEN NYMPHENBURG, GM","112.8","","112.8","I","158","I","83","I","3","I","","","2","I","119","I","55","I","104","I","0","I","-18.3","I,1229,","","","74.3",",I,0910,","31.3","I,0620,","-0.3","I,1025","-2.9","I,1127","-5.6","I,1204","-8.3","I,1205","-11.0","I,1206","-4.1","I,0419","-4.1","I,0419","-4.9","I,0317","-7.9","I,0305","-8.9","I,0212","3749.6","","3749.6","I","889.4",",I","8.09","I","11.94","I","4.25","I"
"GM000004199","1918","48.1667","11.5025","515.0","MUNCHEN NYMPHENBURG, GM","70.1","","70.1","I","150","I","80","I","2","I","","","0","I","81","I","19","I","59","I","1","I","-13.6","I,0104,","","","39.7",",I,1214,","32.8","I,0717,","-2.0","I,1030","-3.1","I,1116","-6.8","I,1121","-6.8","I,1121","","","-0.9","I,0329","-5.9","I,0328","-5.9","I,0328","-6.9","I,0220","-9.1","I,0216","3482.9","","3482.9","I","770.6",",I","9.09","I","12.95","I","5.24","I"
"GM000004199","1919","48.1667","11.5025","515.0","MUNCHEN NYMPHENBURG, GM","95.2","","95.2","I","181","I","92","I","4","I","","","1","I","101","I","37","I","77","I","0","I","-18.3","I,0211,","","","37.4",",I,1229,","31.3","I,0820,","-0.2","I,1028","-3.2","I,1030","-6.0","I,1114","-7.0","I,1118","-9.0","I,1212","-0.3","I,0430","-3.8","I,0423","-6.1","I,0320","-7.9","I,0214","-11.0","I,0213","3656.9","","3656.9","I","914.0",",I","8.26","I","12.03","I","4.48","I"
"GM000004199","1920","48.1667","11.5025","515.0","MUNCHEN NYMPHENBURG, GM","93.7","","93.7","I","141","I","81","I","8","I","","","0","I","95","I","16","I","75","I","1","I","-10.1","I,1217,","","","50.3",",I,0615,","36.2","I,0718,","-0.8","I,1020","-3.3","I,1029","-8.1","I,1030","-8.1","I,1030","-9.8","I,1216","-0.9","I,0314","-4.8","I,0312","-4.8","I,0312","","","","","3271.8","","3271.8","I","874.9",",I","9.57","I","13.53","I","5.60","I"
"GM000004199","1921","48.1667","11.5025","515.0","MUNCHEN NYMPHENBURG, GM","186.5","","186.5","I","117","I","76","I","4","I","","","0","I","88","I","31","I","100","I","7","I","-11.9","I,1216,","","","32.3",",I,0610,","34.6","I,0728,","-2.0","I,1026","-4.0","I,1110","-6.0","I,1111","-8.5","I,1125","-11.9","I,1216","-2.0","I,0418","-3.8","I,0310","-4.6","I,0309","-7.6","I,0117","","","3400.6","","3400.6","I","711.7",",I","9.85","I","14.12","I","5.58","I"
"GM000004199","1922","48.1667","11.5025","515.0","MUNCHEN NYMPHENBURG, GM","85.6","","85.6","I","192","I","116","I","5","I","","","1","I","94","I","31","I","75","I","1","I","-18.8","I,0208,","","","39.6",",I,0716,","35.1","I,0706,","-2.1","I,1025","-2.2","I,1026","-6.0","I,1128","","","","","0.0","I,0422","-2.7","I,0402","-7.1","I,0214","-7.1","I,0214","-9.1","I,0213","3540.8","","3540.8","I","1111.5",",I","8.20","I","11.88","I","4.52","I"
"GM000004199","1923","48.1667","11.5025","515.0","MUNCHEN NYMPHENBURG, GM","124.0","","124.0","I","165","I","101","I","2","I","","","0","I","95","I","17","I","86","I","3","I","-15.2","I,1231,","","","39.1",",I,0620,","35.0","I,0810,","-1.4","I,1109","-4.0","I,1122","-5.2","I,1220","-8.5","I,1221","-10.2","I,1230","-1.0","I,0409","-2.4","I,0223","-6.0","I,0219","-8.6","I,0120","","","3716.5","","3716.5","I","878.2",",I","9.31","I","13.24","I","5.39","I"
"GM000004199","1924","48.1667","11.5025","515.0","MUNCHEN NYMPHENBURG, GM","72.3","","72.3","I","156","I","86","I","5","I","","","0","I","118","I","55","I","73","I","1","I","-13.4","I,0131,","","","63.5",",I,0731,","33.2","I,0704,","-1.8","I,1109","-3.0","I,1110","-4.8","I,1115","-8.7","I,1223","-10.1","I,1226","0.0","I,0412","-2.2","I,0320","-4.4","I,0316","-6.8","I,0315","-11.3","I,0224","3630.5","","3630.5","I","939.9",",I","8.02","I","11.84","I","4.20","I"
"GM000004199","1925","48.1667","11.5025","515.0","MUNCHEN NYMPHENBURG, GM","51.5","","51.5","I","151","I","87","I","4","I","","","2","I","89","I","24","I","68","I","1","I","-18.1","I,1205,","","","57.4",",I,0710,","32.3","I,0810,","-0.3","I,1012","-2.8","I,1121","-4.4","I,1123","-8.7","I,1127","-9.9","I,1204","-1.7","I,0329","-6.0","I,0319","-6.0","I,0319","-7.7","I,0318","-14.1","I,0313","3504.9","","3504.9","I","840.7",",I","8.68","I","12.73","I","4.63","I"
"GM000004199","1926","48.1667","11.5025","515.0","MUNCHEN NYMPHENBURG, GM","70.9","","70.9","I","164","I","100","I","8","I","","","0","I","65","I","16","I","67","I","0","I","-15.0","I,0113,","","","59.6",",I,0709,","30.5","I,0719,","-0.2","I,1020","-2.2","I,1028","-4.5","I,1129","-9.9","I,1223","-9.9","I,1223","-1.6","I,0325","-2.2","I,0324","-8.4","I,0123","-8.4","I,0123","-10.8","I,0114","3524.9","","3524.9","I","995.9",",I","9.55","I","13.32","I","5.79","I"
"GM000004199","1927","48.1667","11.5025","515.0","MUNCHEN NYMPHENBURG, GM","64.9","","64.9","I","168","I","98","I","2","I","","","2","I","119","I","28","I","88","I","2","I","-21.3","I,1220,","","","34.8",",I,0604,","33.9","I,0601,","-1.2","I,1005","-2.5","I,1112","-5.0","I,1113","-7.4","I,1115","-13.8","I,1217","-0.5","I,0515","-2.8","I,0512","-5.8","I,0317","-9.6","I,0223","-9.6","I,0223","3448.5","","3448.5","I","891.6",",I","8.29","I","13.20","I","3.39","I"
"GM000004199","1928","48.1667","11.5025","515.0","MUNCHEN NYMPHENBURG, GM","103.7","","103.7","I","154","I","87","I","2","I","","","0","I","125","I","19","I","85","I","4","I","-17.4","I,1225,","","","27.7",",I,0805,","34.0","I,0716,","-0.2","I,0927","-3.6","I,1015","-5.0","I,1016","-6.9","I,1207","-11.4","I,1216","-2.0","I,0512","-2.5","I,0511","-7.5","I,0321","-7.5","I,0321","-12.0","I,0103","3799.6","","3799.6","I","818.7",",I","8.47","I","13.58","I","3.36","I"
"GM000004199","1929","48.1667","11.5025","515.0","MUNCHEN NYMPHENBURG, GM","98.7","","98.7","I","147","I","82","I","4","I","","","21","I","141","I","60","I","100","I","2","I","-31.6","I,0212,","","","70.6",",I,0820,","33.4","I,0723,","-0.2","I,0925","-5.1","I,1116","-5.1","I,1116","-10.5","I,1219","-10.5","I,1219","0.0","I,0428","-3.0","I,0422","-8.3","I,0407","-8.3","I,0407","-9.1","I,0306","4328.3","","4328.3","I","796.9",",I","7.05","I","12.46","I","1.65","I"
"GM000004199","1930","48.1667","11.5025","515.0","MUNCHEN NYMPHENBURG, GM","61.8","","61.8","I","161","I","97","I","8","I","","","2","I","121","I","23","I","83","I","2","I","-20.2","I,0211,","","","54.0",",I,0509,","32.6","I,0705,","0.0","I,1014","-4.5","I,1114","-4.5","I,1114","-7.6","I,1219","-9.3","I,1221","-1.0","I,0421","-4.6","I,0321","-4.6","I,0321","-10.0","I,0226","-10.0","I,0226","3460.1","","3460.1","I","1099.5",",I","8.60","I","13.61","I","3.59","I"
"GM000004199","1931","48.1667","11.5025","515.0","MUNCHEN NYMPHENBURG, GM","96.6","","96.6","I","171","I","102","I","4","I","","","3","I","153","I","38","I","79","I","0","I","-21.8","I,1220,","","","40.3",",I,1026,","31.4","I,0712,","0.0","I,0924","-4.3","I,1016","-4.5","I,1204","-7.7","I,1213","-15.6","I,1219","0.0","I,0501","-2.2","I,0412","-4.8","I,0402","-7.4","I,0401","-10.0","I,0330","3879.7","","3879.7","I","960.4",",I","7.25","I","12.31","I","2.18","I"
"GM000004199","1932","48.1667","11.5025","515.0","MUNCHEN NYMPHENBURG, GM","95.4","","95.4","I","160","I","88","I","3","I","","","3","I","139","I","39","I","95","I","1","I","-23.0","I,0212,","","","35.7",",I,0622,","32.9","I,0820,","0.0","I,1005","-2.5","I,1118","-5.1","I,1208","-7.2","I,1218","-9.0","I,1219","0.0","I,0427","-3.0","I,0414","-6.1","I,0326","-10.3","I,0325","-10.3","I,0325","4227.1","","4227.1","I","839.3",",I","7.91","I","12.84","I","2.99","I"
"GM000004199","1933","48.1667","11.5025","515.0","MUNCHEN NYMPHENBURG, GM","62.8","","62.8","I","169","I","105","I","6","I","","","5","I","143","I","55","I","84","I","1","I","-19.3","I,0127,","","","32.5",",I,0716,","33.3","I,0811,","0.0","I,1018","-3.1","I,1020","-6.5","I,1113","-7.8","I,1129","-9.1","I,1204","-1.0","I,0426","-3.1","I,0422","-5.1","I,0323","-9.6","I,0302","-9.6","I,0302","3853.9","","3853.9","I","999.8",",I","6.95","I","11.95","I","1.95","I"
"GM000004199","1934","48.1667","11.5025","515.0","MUNCHEN NYMPHENBURG, GM","49.4","","49.4","I","120","I","72","I","6","I","","","2","I","123","I","17","I","115","I","0","I","-20.2","I,0204,","","","47.5",",I,0805,","31.9","I,0731,","-1.1","I,1018","-2.5","I,1023","-6.0","I,1121","-7.2","I,1122","","","-0.4","I,0412","-2.5","I,0407","-5.5","I,0404","-6.7","I,0309","-9.0","I,0210","3869.9","","3869.9","I","791.4",",I","8.92","I","14.30","I","3.54","I"
"GM000004199","1935","48.1667","11.5025","515.0","MUNCHEN NYMPHENBURG, GM","93.7","","93.7","I","163","I","100","I","1","I","","","1","I","110","I","41","I","85","I","1","I","-18.2","I,0121,","","","80.8",",I,0704,","33.1","I,0627,","-0.6","I,1108","-4.8","I,1125","-4.8","I,1125","-15.1","I,1208","-15.1","I,1208","-0.8","I,0520","-3.3","I,0502","-5.0","I,0330","-10.1","I,0310","-10.1","I,0310","3657.8","","3657.8","I","890.2",",I","8.18","I","12.44","I","3.91","I"
"GM000004199","1936","48.1667","11.5025","515.0","MUNCHEN NYMPHENBURG, GM","45.1","","45.1","I","180","I","99","I","6","I","","","2","I","135","I","19","I","80","I","0","I","-24.1","I,0211,","","","48.9",",I,0922,","32.1","I,0718,","-2.5","I,0929","-2.5","I,0929","-4.5","I,1013","-7.4","I,1228","","","-2.9","I,0424","-2.9","I,0424","-5.6","I,0319","-15.1","I,0215","-15.1","I,0215","3589.1","","3589.1","I","1010.9",",I","8.18","I","13.04","I","3.32","I"
"GM000004199","1937","48.1667","11.5025","515.0","MUNCHEN NYMPHENBURG, GM","76.1","","76.1","I","176","I","101","I","4","I","","","0","I","110","I","18","I","88","I","1","I","-14.5","I,1222,","","","41.4",",I,0924,","33.0","I,0611,","-1.0","I,1012","-2.4","I,1108","-6.2","I,1117","-7.7","I,1217","-9.0","I,1220","-0.5","I,0430","-3.5","I,0329","-7.9","I,0304","-7.9","I,0304","-11.0","I,0114","3653.2","","3653.2","I","982.3",",I","8.79","I","13.32","I","4.26","I"
"GM000004199","1938","48.1667","11.5025","515.0","MUNCHEN NYMPHENBURG, GM","77.4","","77.4","I","152","I","86","I","2","I","","","1","I","119","I","27","I","70","I","0","I","-18.0","I,0104,","","","40.1",",I,0901,","31.4","I,0806,+","-1.7","I,1021","-3.5","I,1022","-5.0","I,1024","-11.2","I,1217","-11.2","I,1217","-0.9","I,0509","-4.4","I,0421","-4.4","I,0421","-9.2","I,0226","-9.2","I,0226","3697.1","","3697.1","I","780.5",",I","8.30","I","13.05","I","3.55","I"
"GM000004199","1939","48.1667","11.5025","515.0","MUNCHEN NYMPHENBURG, GM","58.0","","58.0","I","180","I","110","I","6","I","","","3","I","124","I","31","I","78","I","0","I","-24.0","I,1229,","","","60.1",",I,0916,","30.2","I,0730,","-1.0","I,0926","-2.3","I,0929","-4.7","I,1029","-6.8","I,1124","-10.0","I,1208","-1.6","I,0420","-2.5","I,0401","-4.6","I,0324","-13.5","I,0319","-13.5","I,0319","3767.8","","3767.8","I","1197.9",",I","8.01","I","12.44","I","3.59","I"
"GM000004199","1940","48.1667","11.5025","515.0","MUNCHEN NYMPHENBURG, GM","36.7","","36.7","I","167","I","92","I","7","I","","","13","I","136","I","58","I","86","I","0","I","-26.2","I,0214,","","","155.2",",I,0531,","31.1","I,0810,","-1.0","I,1019","-2.5","I,1030","-4.6","I,1109","-13.0","I,1202","-13.0","I,1202","-2.0","I,0414","-4.6","I,0408","-4.6","I,0408","-10.6","I,0309","-10.6","I,0309","4094.2","","4094.2","I","1240.1",",I","7.07","I","12.15","I","1.99","I"
"GM000004199","1941","48.1667","11.5025","515.0","MUNCHEN NYMPHENBURG, GM","63.3","","63.3","I","179","I","106","I","6","I","","","3","I","133","I","41","I","70","I","1","I","-21.5","I,0113,","","","74.8",",I,0728,","32.5","I,0713,","-0.5","I,0917","-2.5","I,1101","-5.8","I,1102","-7.5","I,1130","-10.0","I,1201","-1.0","I,0517","-5.5","I,0504","-5.5","I,0504","-7.0","I,0320","-9.5","I,0319","4050.8","","4050.8","I","1112.2",",I","7.37","I","12.00","I","2.75","I"
"GM000004199","1942","48.1667","11.5025","515.0","MUNCHEN NYMPHENBURG, GM","67.2","","67.2","I","146","I","89","I","3","I","","","13","I","139","I","45","I","92","I","0","I","-29.0","I,0123,","","","32.3",",I,0515,","30.5","I,0829,+","-0.9","I,1109","-2.5","I,1110","-4.5","I,1123","-9.6","I,1125","-9.6","I,1125","-0.2","I,0505","-2.5","I,0415","-7.6","I,0314","-7.6","I,0314","-9.5","I,0223","4302.9","","4302.9","I","847.2",",I","7.46","I","12.41","I","2.52","I"
"GM000004199","1943","48.1667","11.5025","515.0","MUNCHEN NYMPHENBURG, GM","101.0","","101.0","I","136","I","77","I","4","I","","","0","I","122","I","19","I","92","I","6","I","-15.4","I,0107,","","","45.4",",I,0707,","35.5","I,0819,","-2.2","I,1014","-2.2","I,1014","-5.7","I,1111","","","","","-0.8","I,0414","-2.6","I,0324","-4.5","I,0318","-7.0","I,0209","-11.0","I,0119","3372.9","","3372.9","I","751.8",",I","9.15","I","14.19","I","4.10","I"
"GM000004199","1948","48.1667","11.5025","515.0","MUNCHEN NYMPHENBURG, GM","51.8","","51.8","I","141","I","91","I","4","I","","","0","I","104","I","25","I","71","I","0","I","-16.0","I,1228,","","","31.4",",I,0620,","30.0","I,0808,+","-0.5","I,1010","-5.0","I,1111","-5.0","I,1111","-7.5","I,1125","-9.0","I,1221","-0.5","I,0427","-2.2","I,0414","-5.0","I,0304","-9.0","I,0228","-9.0","I,0228","","","","","886.7",",I","8.81","I","13.57","I","4.06","I"
"GM000004199","1949","48.1667","11.5025","515.0","MUNCHEN NYMPHENBURG, GM","80.2","","80.2","I","131","I","83","I","3","I","","","1","I","123","I","24","I","88","I","2","I","-19.0","I,0203,","","","60.7",",I,0522,","33.9","I,0808,","-1.0","I,1029","-6.0","I,1104","-6.0","I,1104","-15.5","I,1214","-15.5","I,1214","-1.0","I,0511","-2.5","I,0409","-4.5","I,0323","-7.0","I,0320","-9.0","I,0309","3816.9","","3816.9","I","893.5",",I","8.84","I","13.86","I","3.82","I"
"GM000004199","1950","48.1667","11.5025","515.0","MUNCHEN NYMPHENBURG, GM","109.4","","109.4","I","159","I","84","I","3","I","","","0","I","115","I","40","I","91","I","2","I","-13.5","I,1219,","","","62.6",",I,0814,","33.4","I,0630,","-0.5","I,1022","-3.0","I,1027","-5.5","I,1206","-7.0","I,1211","-10.5","I,1217","-2.0","I,0426","-3.0","I,0407","-6.0","I,0304","-8.0","I,0228","-10.0","I,0131","3316.8","","3316.8","I","887.0",",I","8.87","I","13.58","I","4.16","I"
"GM000004199","1951","48.1667","11.5025","515.0","MUNCHEN NYMPHENBURG, GM","57.1","","57.1","I","145","I","88","I","3","I","","","0","I","130","I","14","I","68","I","0","I","-10.5","I,0307,","","","50.9",",I,0121,","30.4","I,0711,","0.0","I,1006","-3.5","I,1010","-6.3","I,1208","-7.6","I,1212","-9.0","I,1214","-0.5","I,0513","-2.5","I,0329","-4.5","I,0322","-10.5","I,0307","-10.5","I,0307","3724.4","","3724.4","I","888.2",",I","8.56","I","13.17","I","3.96","I"
"GM000004199","1952","48.1667","11.5025","515.0","MUNCHEN NYMPHENBURG, GM","","","","","186","I","118","I","2","I","","","","","","","41","I","80","I","6","I","","","","","32.4",",I,1127,","34.7","I,0814,","","","","","","","","","","","","","","","","","","","","","3622.1","","3622.1","I","952.7",",I","","","12.48","I","",""
"GM000004199","1953","48.1667","11.5025","515.0","MUNCHEN NYMPHENBURG, GM","46.4","","46.4","I","136","I","77","I","5","I","","","0","I","142","I","47","I","77","I","0","I","-15.5","I,0217,+","","","58.2",",I,0610,","29.9","I,0722,","-1.1","I,1009","-4.3","I,1010","-4.4","I,1110","-7.1","I,1217","","","-0.5","I,0512","-2.2","I,0511","-4.6","I,0319","-7.7","I,0309","-15.5","I,0217","","","","","885.5",",I","8.18","I","13.07","I","3.29","I"
"GM000004199","1954","48.1667","11.5025","515.0","MUNCHEN NYMPHENBURG, GM","63.3","","63.3","E","179","E","101","E","7","E","","","2","E","107","E","35","E","64","E","0","E","-18.6","E,0207,","","","60.7",",E,0708,","30.2","E,0806,","-0.5","E,1105","-2.8","E,1120","-6.0","E,1121","-7.2","E,1122","","","-1.4","I,0428","-3.9","I,0412","-6.2","I,0309","-11.2","I,0224","-11.2","I,0224","4006.9","","4006.9","E","1025.4",",E","7.85","E","11.84","E","3.85","E"
"GM000004199","1955","48.1667","11.5025","515.0","MUNCHEN NYMPHENBURG, GM","16.2","","16.2","E","176","E","92","E","8","E","42","","0","E","137","E","41","E","67","E","0","E","-17.4","E,0308,","380",",E,0219,","86.7",",E,0626,","29.5","E,0718,","0.0","E,0930","-2.4","E,1029","-7.4","E,1030","-7.4","E,1030","-10.2","E,1126","-0.5","E,0521","-4.1","E,0426","-4.7","E,0420","-8.0","E,0315","-17.4","E,0308","3857.9","","3857.9","E","1159.1",",E","7.22","E","11.57","E","2.86","E"
"GM000004199","1956","48.1667","11.5025","515.0","MUNCHEN NYMPHENBURG, GM","17.1","","17.1","E","163","E","96","E","3","E","45","","15","E","134","E","59","E","65","E","0","E","-27.4","E,0210,","250",",E,0220,","38.4",",E,0711,","30.0","E,0827,","-1.0","E,1009","-3.3","E,1108","-7.2","E,1121","-7.2","E,1121","-9.5","E,1202","-0.3","E,0521","-4.6","E,0421","-4.6","E,0421","-10.0","E,0408","-10.0","E,0408","4286.3","","4286.3","E","954.4",",E","6.36","E","10.98","E","1.74","E"
"GM000004199","1957","48.1667","11.5025","515.0","MUNCHEN NYMPHENBURG, GM","54.1","","54.1","E","155","E","94","E","5","E","16","","3","E","118","E","20","E","55","E","5","E","-19.1","E,0121,","130",",E,0118,+","92.4",",E,0713,","33.6","E,0707,+","-1.7","E,1002","-2.9","E,1003","-7.4","E,1130","-7.4","E,1130","-10.0","E,1201","-0.3","E,0530","-3.4","E,0509","-6.0","E,0304","-7.6","E,0303","-13.0","E,0124","3799.2","","3799.2","E","1022.1",",E","8.08","E","12.82","E","3.34","E"
"GM000004199","1958","48.1667","11.5025","515.0","MUNCHEN NYMPHENBURG, GM","59.0","","59.0","E","166","E","105","E","3","E","55","","0","E","119","E","32","E","80","E","0","E","-17.4","E,0129,","400",",E,0208,","28.5",",E,0206,","31.6","E,0801,","-2.6","E,1023","-2.6","E,1023","-5.6","E,1202","-7.5","E,1203","-10.4","E,1204","-0.2","E,0501","-3.0","E,0424","-6.0","E,0402","-8.9","E,0325","-8.9","E,0325","4004.0","","4004.0","E","937.8",",E","7.86","E","12.53","E","3.18","E"
"GM000004199","1959","48.1667","11.5025","515.0","MUNCHEN NYMPHENBURG, GM","46.8","","46.8","E","115","E","62","E","4","E","27","","1","E","148","E","31","E","82","E","0","E","-18.6","E,0118,","480",",E,0117,","55.9",",E,0501,","31.5","E,0711,","-0.8","E,0919","-3.4","E,1007","-5.0","E,1015","-7.4","E,1217","","","-1.1","E,0504","-4.6","E,0422","-4.6","E,0422","-8.9","E,0220","-8.9","E,0220","3682.7","","3682.7","E","695.9",",E","8.06","E","13.38","E","2.75","E"
"GM000004199","1960","48.1667","11.5025","515.0","MUNCHEN NYMPHENBURG, GM","22.0","","22.0","E","178","E","106","E","4","E","46","","4","E","129","E","27","E","59","E","0","E","-18.5","E,0117,","150",",E,0117,+","50.3",",E,0626,","29.6","E,0827,","-0.6","E,0929","-3.1","E,1014","-4.9","E,1202","-7.5","E,1225","-13.2","E,1231","-1.0","E,0504","-2.7","E,0325","-4.7","E,0309","-10.4","E,0211","-10.4","E,0211","3811.6","","3811.6","E","1004.7",",E","7.82","E","12.60","E","3.03","E"
"GM000004199","1961","48.1667","11.5025","515.0","MUNCHEN NYMPHENBURG, GM","36.9","","36.9","E","158","E","99","E","3","E","47","","3","E","111","E","29","E","82","E","0","E","-19.3","E,1218,","60",",E,1227,+","50.5",",E,0812,","30.4","E,0806,","-1.5","E,1015","-2.3","E,1101","-4.4","E,1106","-8.0","E,1121","-9.0","E,1122","-0.6","E,0329","-2.5","E,0328","-6.9","E,0129","-6.9","E,0129","-9.0","E,0128","3667.7","","3667.7","E","992.3",",E","8.62","E","13.78","E","3.45","E"
"GM000004199","1962","48.1667","11.5025","515.0","MUNCHEN NYMPHENBURG, GM","58.1","","58.1","E","147","E","85","E","2","E","53","","6","E","138","E","45","E","79","E","1","E","-22.6","E,1229,+","330",",E,0103,","29.5",",E,0513,","32.5","E,0814,","0.0","E,0926","-3.1","E,1022","-5.0","E,1030","-7.9","E,1121","-10.5","E,1125","-0.1","E,0605","-2.2","E,0501","-7.4","E,0326","-7.4","E,0326","-9.6","E,0320","3939.2","","3939.2","E","794.6",",E","6.85","E","11.77","E","1.93","E"
"GM000004199","1963","48.1667","11.5025","515.0","MUNCHEN NYMPHENBURG, GM","60.0","","60.0","E","149","E","83","E","5","E","82","","14","E","123","E","70","E","73","E","0","E","-24.5","E,0205,","330",",E,0201,","45.8",",E,0718,","31.4","E,0803,","-1.0","E,1009","-2.2","E,1016","-5.4","E,1207","-7.8","E,1213","-11.8","E,1214","-1.7","E,0409","-3.4","E,0404","-6.2","E,0324","-9.0","E,0305","-9.0","E,0305","4487.5","","4487.5","E","848.7",",E","6.93","E","11.54","E","2.33","E"
"GM000004199","1964","48.1667","11.5025","515.0","MUNCHEN NYMPHENBURG, GM","89.0","","89.0","E","149","E","97","E","8","E","43","","0","E","113","E","50","E","87","E","0","E","-15.2","E,0118,","190",",E,1230,+","52.4",",E,0504,","31.8","E,0721,","-1.0","E,0923","-2.5","E,1123","-5.5","E,1223","-7.5","E,1224","-10.9","E,1229","0.0","E,0410","-3.1","E,0319","-13.5","E,0318","-13.5","E,0318","-13.5","E,0318","3879.1","","3879.1","E","1060.6",",E","7.88","E","12.26","E","3.50","E"
"GM000004199","1965","48.1667","11.5025","515.0","MUNCHEN NYMPHENBURG, GM","50.3","","50.3","E","194","E","122","E","4","E","61","","0","E","113","E","38","E","57","E","1","E","-17.1","E,0224,","330",",E,0219,","51.8",",E,0531,","32.2","E,0806,","0.0","E,1011","-3.6","E,1023","-5.0","E,1114","-8.5","E,1115","-9.3","E,1123","-0.2","E,0521","-2.8","E,0402","-12.4","E,0313","-12.4","E,0313","-12.4","E,0313","3989.5","","3989.5","E","1254.2",",E","7.48","E","11.82","E","3.15","E"
"GM000004199","1966","48.1667","11.5025","515.0","MUNCHEN NYMPHENBURG, GM","39.4","","39.4","E","187","E","121","E","4","E","35","","4","E","102","E","24","E","66","E","1","E","-19.6","E,0117,","150",",E,0114,","32.0",",E,1027,","33.7","E,0813,","-1.2","E,1030","-3.9","E,1031","-5.7","E,1113","-8.2","E,1126","-10.6","E,1227","-0.4","E,0423","-2.6","E,0401","-5.3","E,0321","-12.0","E,0121","-12.0","E,0121","3629.9","","3629.9","E","1298.1",",E","8.68","E","12.98","E","4.39","E"
"GM000004199","1967","48.1667","11.5025","515.0","MUNCHEN NYMPHENBURG, GM","87.3","","87.3","E","158","E","101","E","2","E","28","","0","E","107","E","27","E","91","E","2","E","-15.5","E,0111,","90",",E,1221,+","32.4",",E,0904,","33.1","E,0720,+","0.0","E,1018","-2.4","E,1031","-6.1","E,1128","-6.8","E,1208","-11.4","E,1209","-1.6","E,0505","-2.5","E,0330","-11.2","E,0216","-11.2","E,0216","-11.2","E,0216","3658.9","","3658.9","E","933.4",",E","8.71","E","13.44","E","3.98","E"
"GM000004199","1968","48.1667","11.5025","515.0","MUNCHEN NYMPHENBURG, GM","42.7","","42.7","E","155","E","88","E","7","E","31","","3","E","128","E","44","E","67","E","0","E","-20.9","E,0113,","550",",E,0112,","61.3",",E,0619,","30.0","E,0710,","-1.7","E,1020","-3.5","E,1021","-6.3","E,1119","-7.5","E,1210","-9.3","E,1212","-0.5","E,0520","-2.8","E,0411","-5.0","E,0410","-9.0","E,0313","-9.0","E,0313","3575.4","","3575.4","E","1055.3",",E","8.09","E","12.46","E","3.71","E"
"GM000004199","1969","48.1667","11.5025","515.0","MUNCHEN NYMPHENBURG, GM","79.4","","79.4","E","144","E","87","E","4","E","79","","1","E","122","E","43","E","80","E","0","E","-18.2","E,1222,","350",",E,0109,+","47.3",",E,0607,","31.0","E,0729,","-0.5","E,1019","-4.3","E,1106","-7.2","E,1129","-7.2","E,1129","-9.5","E,1130","-6.2","E,0420","-6.2","E,0420","-6.2","E,0420","-6.9","E,0308","-14.3","E,0217","3915.1","","3915.1","E","905.4",",E","7.84","E","12.37","E","3.32","E"
"GM000004199","1970","48.1667","11.5025","515.0","MUNCHEN NYMPHENBURG, GM","77.8","","77.8","E","194","E","108","E","2","E","67","","0","E","117","E","41","E","79","E","0","E","-13.6","E,0216,","290",",E,0219,+","61.5",",E,0809,","31.3","E,0806,","-0.5","E,1016","-3.3","E,1018","-4.5","E,1213","-7.2","E,1223","-12.5","E,1226","-2.7","E,0412","-2.7","E,0412","-5.5","E,0316","-7.0","E,0313","-10.7","E,0217","3967.2","","3967.2","E","946.1",",E","7.96","E","12.15","E","3.76","E"
"GM000004199","1971","48.1667","11.5025","515.0","MUNCHEN NYMPHENBURG, GM","79.2","","79.2","E","138","E","81","E","6","E","54","","3","E","122","E","31","E","87","E","0","E","-20.0","E,0306,","170",",E,0308,","33.8",",E,0427,","31.8","E,0814,","-1.1","E,1007","-3.6","E,1017","-8.0","E,1120","-8.0","E,1120","-11.8","E,1121","-2.0","E,0429","-3.0","E,0324","-5.2","E,0314","-8.6","E,0312","-14.2","E,0309","3839.5","","3839.5","E","919.4",",E","8.13","E","13.04","E","3.22","E"
"GM000004199","1972","48.1667","11.5025","515.0","MUNCHEN NYMPHENBURG, GM","71.4","","71.4","E","128","E","71","E","5","E","7","","0","E","135","E","30","E","61","E","1","E","-12.2","E,1224,","50",",E,0129,","63.2",",E,0816,","34.5","E,0709,","0.0","E,0925","-2.3","E,1015","-5.7","E,1019","-8.0","E,1126","-11.0","E,1222","-1.6","E,0429","-3.5","E,0426","-8.0","E,0205","-8.0","E,0205","-11.6","E,0201","3617.7","","3617.7","E","794.0",",E","7.72","E","12.35","E","3.09","E"
"GM000004199","1973","48.1667","11.5025","515.0","MUNCHEN NYMPHENBURG, GM","68.2","","68.2","E","158","E","101","E","3","E","36","","2","E","143","E","30","E","88","E","0","E","-19.5","E,1203,","280",",E,1201,","45.3",",E,0623,","30.5","E,0806,","-0.4","E,1013","-4.0","E,1025","-4.8","E,1027","-7.0","E,1129","-9.0","E,1130","-0.3","E,0426","-3.0","E,0415","-4.5","E,0414","-9.8","E,0311","-9.8","E,0311","4076.2","","4076.2","E","878.9",",E","7.90","E","12.36","E","3.43","E"
"GM000004199","1974","48.1667","11.5025","515.0","MUNCHEN NYMPHENBURG, GM","51.8","","51.8","E","176","E","108","E","5","E","6","","0","E","96","E","4","E","70","E","1","E","-8.3","E,1214,","50",",E,1213,","34.0",",E,0918,","33.1","E,0816,","-0.7","E,1003","-2.5","E,1104","-5.9","E,1108","-8.3","E,1214","","","0.0","E,0503","-2.8","E,0420","-4.8","E,0228","","","","","3596.0","","3596.0","E","1080.7",",E","8.72","E","13.10","E","4.34","E"
"GM000004199","1975","48.1667","11.5025","515.0","MUNCHEN NYMPHENBURG, GM","50.9","","50.9","E","142","E","91","E","5","E","27","","1","E","115","E","13","E","83","E","0","E","-18.1","E,1220,","130",",E,0331,","61.9",",E,0904,","31.3","E,0917,","-0.2","E,1013","-5.2","E,1122","-5.2","E,1122","-8.6","E,1123","-10.5","E,1124","0.0","E,0428","-5.5","E,0402","-5.5","E,0402","-7.2","E,0223","","","3620.0","","3620.0","E","999.8",",E","8.43","E","12.65","E","4.22","E"
"GM000004199","1976","48.1667","11.5025","515.0","MUNCHEN NYMPHENBURG, GM","74.9","","74.9","E","136","E","82","E","1","E","23","","2","E","113","E","36","E","76","E","1","E","-19.7","E,1230,","140",",E,1213,","29.8",",E,0810,","32.3","E,0717,","-1.0","E,1023","-2.2","E,1124","-4.6","E,1214","-7.2","E,1216","-9.5","E,1218","-0.7","E,0502","-2.7","E,0501","-5.2","E,0324","-8.0","E,0322","-10.6","E,0311","3712.8","","3712.8","E","779.7",",E","8.12","E","12.50","E","3.73","E"
"GM000004199","1977","48.1667","11.5025","515.0","MUNCHEN NYMPHENBURG, GM","28.2","","28.2","E","157","E","95","E","5","E","48","","0","E","85","E","23","E","67","E","0","E","-11.5","E,1205,","210",",E,0118,","55.8",",E,0731,","29.9","E,0613,","-1.0","E,1117","-2.7","E,1121","-6.9","E,1129","-6.9","E,1129","-11.5","E,1205","-0.4","E,0421","-2.3","E,0411","-5.7","E,0302","-7.2","E,0203","-9.9","E,0122","3640.2","","3640.2","E","989.2",",E","8.89","E","13.10","E","4.67","E"
"GM000004199","1978","48.1667","11.5025","515.0","MUNCHEN NYMPHENBURG, GM","25.7","","25.7","E","156","E","84","E","5","E","60","","0","E","119","E","43","E","54","E","0","E","-15.5","E,0221,","440",",E,0220,","101.6",",E,0807,","28.5","E,0726,","0.0","E,1108","-2.2","E,1113","-5.6","E,1202","-9.1","E,1203","-9.1","E,1203","-1.0","E,0512","-4.4","E,0308","-4.4","E,0308","-15.5","E,0221","-15.5","E,0221","3780.3","","3780.3","E","948.8",",E","7.64","E","11.75","E","3.53","E"
"GM000004199","1979","48.1667","11.5025","515.0","MUNCHEN NYMPHENBURG, GM","47.5","","47.5","E","163","E","102","E","7","E","39","","0","E","105","E","19","E","79","E","0","E","-17.6","E,0105,","140",",E,0201,","85.6",",E,0617,","30.9","E,0520,","-0.5","E,1020","-4.1","E,1104","-4.6","E,1112","","","","","-0.7","E,0508","-2.5","E,0420","-9.6","E,0228","-9.6","E,0228","-9.6","E,0228","3826.1","","3826.1","E","1140.6",",E","8.35","E","12.62","E","4.08","E"
"GM000004199","1980","48.1667","11.5025","515.0","MUNCHEN NYMPHENBURG, GM","42.6","","42.6","E","171","E","101","E","5","E","35","","0","E","116","E","35","E","53","E","2","E","-16.6","E,1202,","200",",E,1205,","38.8",",E,0617,","32.3","E,0803,","-1.3","E,1021","-2.4","E,1101","-6.5","E,1112","-13.6","E,1201","-13.6","E,1201","-0.1","E,0422","-3.6","E,0321","-4.4","E,0228","-9.5","E,0128","-9.5","E,0128","3771.5","","3771.5","E","1033.5",",E","7.66","E","11.73","E","3.59","E"
"GM000004199","1981","48.1667","11.5025","515.0","MUNCHEN NYMPHENBURG, GM","55.9","","55.9","E","185","E","94","E","10","E","55","","0","E","112","E","36","E","72","E","0","E","-15.9","E,0109,","290",",E,1220,","61.1",",E,0719,","29.7","E,0802,","-2.6","E,1025","-2.6","E,1025","-5.4","E,1108","-8.2","E,1111","-10.8","E,1219","-2.1","E,0423","-4.3","E,0419","-5.8","E,0228","-9.0","E,0226","-9.0","E,0226","3753.3","","3753.3","E","1184.0",",E","8.36","E","12.74","E","3.97","E"
"GM000004199","1982","48.1667","11.5025","515.0","MUNCHEN NYMPHENBURG, GM","80.9","","80.9","E","146","E","86","E","4","E","28","","1","E","106","E","26","E","83","E","0","E","-17.8","E,0121,","350",",E,0111,","36.4",",E,0804,","30.1","E,0812,","-0.3","E,1106","-3.3","E,1107","-5.2","E,1219","-6.7","E,1231","","","-0.4","E,0508","-2.2","E,0420","-4.5","E,0306","-7.7","E,0228","-9.5","E,0205","3829.0","","3829.0","E","843.4",",E","8.79","E","13.18","E","4.40","E"
"GM000004199","1983","48.1667","11.5025","515.0","MUNCHEN NYMPHENBURG, GM","132.4","","132.4","E","145","E","82","E","4","E","30","","0","E","104","E","31","E","92","E","3","E","-14.1","E,1216,","100",",E,1209,+","59.8",",E,0802,","35.8","E,0727,","-3.0","E,1022","-3.0","E,1022","-6.0","E,1114","-11.1","E,1115","-11.1","E,1115","-2.5","E,0330","-2.5","E,0330","-4.7","E,0313","-12.4","E,0225","-12.4","E,0225","3289.9","","3289.9","E","977.1",",E","9.00","E","13.71","E","4.29","E"
"GM000004199","1984","48.1667","11.5025","515.0","MUNCHEN NYMPHENBURG, GM","36.5","","36.5","E","145","E","78","E","2","E","43","","0","E","128","E","23","E","56","E","1","E","-15.8","E,0218,","150",",E,0212,","39.8",",E,0712,","35.6","E,0711,","-1.0","E,1031","-5.6","E,1114","-5.6","E,1114","-11.5","E,1231","-11.5","E,1231","-2.2","E,0509","-2.2","E,0509","-5.0","E,0322","-7.5","E,0310","-14.1","E,0220","3879.8","","3879.8","E","728.4",",E","7.75","E","12.08","E","3.42","E"
"GM000004199","1985","48.1667","11.5025","515.0","MUNCHEN NYMPHENBURG, GM","78.2","","78.2","E","164","E","99","E","5","E","76","","6","E","127","E","49","E","87","E","0","E","-24.8","E,0107,","310",",E,0319,","45.8",",E,0806,","31.5","E,0726,","-1.1","E,1017","-3.4","E,1025","-9.7","E,1115","-9.7","E,1115","-9.7","E,1115","-1.8","E,0504","-2.7","E,0425","-7.8","E,0321","-7.8","E,0321","-9.8","E,0223","3974.3","","3974.3","E","1018.5",",E","7.67","E","12.31","E","3.04","E"
"GM000004199","1986","48.1667","11.5025","515.0","MUNCHEN NYMPHENBURG, GM","91.1","","91.1","E","156","E","89","E","0","E","46","","1","E","112","E","37","E","82","E","0","E","-19.2","E,0225,","160",",E,0224,","25.2",",E,0706,","30.8","E,0803,","-1.8","E,1028","-3.0","E,1103","-4.8","E,1128","-8.2","E,1225","","","-0.4","E,0415","-2.7","E,0414","-5.1","E,0413","-10.5","E,0301","-10.5","E,0301","3763.8","","3763.8","E","856.0",",E","8.23","E","12.77","E","3.68","E"
"GM000004199","1987","48.1667","11.5025","515.0","MUNCHEN NYMPHENBURG, GM","83.0","","83.0","E","179","E","107","E","5","E","50","","3","E","111","E","40","E","76","E","0","E","-24.2","E,0113,","200",",E,0112,","59.6",",E,0519,","30.1","E,0630,","-2.3","E,1105","-2.3","E,1105","-7.2","E,1208","-7.2","E,1208","-11.6","E,1209","-1.4","E,0414","-3.5","E,0402","-5.2","E,0321","-8.8","E,0315","-10.0","E,0309","3962.8","","3962.8","E","1038.8",",E","7.95","E","12.06","E","3.85","E"
"GM000004199","1988","48.1667","11.5025","515.0","MUNCHEN NYMPHENBURG, GM","69.6","","69.6","E","183","E","114","E","4","E","34","","0","E","94","E","10","E","77","E","1","E","-11.3","E,1122,","380",",E,0302,","45.4",",E,0605,","34.0","E,0705,","-2.9","E,1031","-2.9","E,1031","-7.5","E,1105","-7.5","E,1105","-11.3","E,1122","-1.2","E,0426","-3.4","E,0425","-9.5","E,0310","-9.5","E,0310","-9.5","E,0310","3335.2","","3335.2","E","993.5",",E","9.13","E","13.44","E","4.82","E"
"GM000004199","1989","48.1667","11.5025","515.0","MUNCHEN NYMPHENBURG, GM","65.6","","65.6","E","155","E","91","E","3","E","2","","0","E","91","E","16","E","84","E","1","E","-13.2","E,1126,","50",",E,1126,","75.3",",E,0710,","32.4","E,0816,","-0.5","E,1004","-2.5","E,1108","-6.6","E,1118","-8.7","E,1124","-11.1","E,1125","-0.2","E,0508","-3.6","E,0212","-7.3","E,0205","-7.3","E,0205","","","3344.6","","3344.6","E","915.2",",E","9.27","E","13.80","E","4.74","E"
"GM000004199","1990","48.1667","11.5025","515.0","MUNCHEN NYMPHENBURG, GM","68.3","","68.3","E","157","E","96","E","4","E","30","","0","E","87","E","17","E","78","E","0","E","-15.0","E,0112,","120",",E,1215,","42.0",",E,0214,","31.5","E,0805,","-0.1","E,1009","-3.1","E,1107","-4.5","E,1130","-7.0","E,1206","-10.4","E,1207","-1.2","E,0413","-3.8","E,0308","-5.1","E,0206","-13.4","E,0115","-13.4","E,0115","3335.9","","3335.9","E","1022.3",",E","9.26","E","14.18","E","4.33","E"
"GM000004199","1991","48.1667","11.5025","515.0","MUNCHEN NYMPHENBURG, GM","99.2","","99.2","E","155","E","83","E","7","E","28","","0","E","112","E","38","E","83","E","1","E","-16.5","E,0206,","130",",E,0218,+","66.9",",E,0511,","32.5","E,0807,","-2.5","E,1022","-2.5","E,1022","-5.5","E,1030","-10.0","E,1209","-10.0","E,1209","-1.4","E,0426","-3.0","E,0425","-5.6","E,0222","-7.7","E,0220","-10.9","E,0218","3765.5","","3765.5","E","907.8",",E","8.25","E","12.67","E","3.83","E"
"GM000004199","1992","48.1667","11.5025","515.0","MUNCHEN NYMPHENBURG, GM","190.4","","190.4","E","149","E","93","E","1","E","19","","0","E","86","E","20","E","103","E","10","E","-11.7","E,1230,","120",",E,0219,+","33.1",",E,0613,","35.4","E,0809,","-1.0","E,1014","-2.6","E,1215","-5.3","E,1225","-7.6","E,1226","-9.2","E,1229","-0.6","E,0421","-3.0","E,0225","-6.2","E,0221","-7.5","E,0220","-9.0","E,0124","3384.4","","3384.4","E","888.3",",E","9.91","E","14.21","E","5.61","E"
"GM000004199","1993","48.1667","11.5025","515.0","MUNCHEN NYMPHENBURG, GM","95.7","","95.7","E","170","E","93","E","4","E","38","","0","E","94","E","37","E","92","E","0","E","-13.1","E,0105,","210",",E,0225,","36.9",",E,0710,","31.0","E,0730,","-0.5","E,1028","-4.5","E,1118","-4.5","E,1118","-8.5","E,1119","-9.5","E,1120","0.0","E,0413","-2.2","E,0409","-5.0","E,0328","-7.0","E,0309","-9.1","E,0228","3247.9","","3247.9","E","946.3",",E","9.18","E","13.34","E","5.02","E"
"GM000004199","1994","48.1667","11.5025","515.0","MUNCHEN NYMPHENBURG, GM","204.1","","204.1","E","170","E","101","E","2","E","9","","0","E","65","E","14","E","87","E","6","E","-12.8","E,0217,","60",",E,1223,","46.4",",E,0412,","35.2","E,0704,","-0.5","E,1005","-2.5","E,1007","-5.7","E,1224","","","","","0.0","E,0411","-10.4","E,0220","-10.4","E,0220","-10.4","E,0220","-10.4","E,0220","3339.4","","3339.4","E","859.2",",E","10.46","E","14.94","E","5.98","E"
"GM000004199","1995","48.1667","11.5025","515.0","MUNCHEN NYMPHENBURG, GM","103.9","","103.9","E","172","E","91","E","9","E","36","","0","E","110","E","31","E","77","E","2","E","-16.4","E,0107,","140",",E,1228,+","80.0",",E,0601,","34.3","E,0722,","0.0","E,1024","-3.0","E,1104","-6.0","E,1105","-7.0","E,1121","-10.0","E,1228","-0.2","E,0515","-2.5","E,0331","-5.1","E,0328","-11.5","E,0118","-11.5","E,0118","3263.0","","3263.0","E","1087.2",",E","8.94","E","13.26","E","4.63","E"
"GM000004199","1996","48.1667","11.5025","515.0","MUNCHEN NYMPHENBURG, GM","63.3","","63.3","E","159","E","88","E","4","E","34","","1","E","135","E","57","E","67","E","0","E","-19.4","E,1229,","130",",E,0216,","44.0",",E,0822,","31.5","E,0607,","-1.2","E,1023","-3.8","E,1122","-6.7","E,1123","-6.7","E,1123","-11.0","E,1225","-0.8","E,0416","-3.5","E,0331","-4.5","E,0320","-8.2","E,0314","-11.0","E,0313","3854.1","","3854.1","E","896.2",",E","7.45","E","11.67","E","3.22","E"
"GM000004199","1997","48.1667","11.5025","515.0","MUNCHEN NYMPHENBURG, GM","83.8","","83.8","E","148","E","87","E","3","E","28","","0","E","104","E","21","E","94","E","0","E","-13.7","E,0102,","110",",E,1204,","53.7",",E,0714,","28.6","E,0611,","-0.4","E,1025","-2.4","E,1027","-5.0","E,1029","-7.4","E,1216","","","0.0","E,0508","-4.5","E,0422","-4.5","E,0422","-7.0","E,0203","-11.5","E,0118","3696.3","","3696.3","E","792.2",",E","9.21","E","13.64","E","4.77","E"
"GM000004199","1998","48.1667","11.5025","515.0","MUNCHEN NYMPHENBURG, GM","150.8","","150.8","E","183","E","99","E","3","E","29","","0","E","91","E","29","E","87","E","6","E","-12.5","E,0202,","220",",E,1211,","35.0",",E,1029,","34.8","E,0812,","-2.6","E,1108","-2.6","E,1108","-6.6","E,1119","-7.5","E,1121","-9.0","E,1122","-0.8","E,0415","-4.0","E,0326","-6.5","E,0325","-8.0","E,0207","-9.3","E,0206","3180.1","","3180.1","E","890.6",",E","9.70","E","14.04","E","5.37","E"
"GM000004199","1999","48.1667","11.5025","515.0","MUNCHEN NYMPHENBURG, GM","137.1","","137.1","E","184","E","110","E","4","E","54","","0","E","87","E","17","E","91","E","2","E","-15.3","E,0212,","240",",E,1124,","50.1",",E,0521,","33.7","E,0704,","-1.2","E,1018","-3.0","E,1116","-4.6","E,1120","-7.6","E,1121","-8.9","E,1222","0.0","E,0325","-5.0","E,0319","-5.0","E,0319","-8.5","E,0216","-9.0","E,0213","3404.8","","3404.8","E","1032.5",",E","9.97","E","14.07","E","5.87","E"
"GM000004199","2000","48.1667","11.5025","515.0","MUNCHEN NYMPHENBURG, GM","153.9","","153.9","E","172","E","107","E","9","E","12","","0","E","56","E","9","E","99","E","1","E","-16.4","E,0125,","150",",E,0124,+","97.9",",E,0517,","33.5","E,0820,","-0.8","E,1112","-2.4","E,1119","-4.6","E,1221","-7.3","E,1223","","","-1.2","E,0407","-2.7","E,0305","-9.2","E,0128","-9.2","E,0128","-9.2","E,0128","2979.2","","2979.2","E","1191.1",",E","10.88","E","15.03","E","6.72","E"
"GM000004199","2001","48.1667","11.5025","515.0","MUNCHEN NYMPHENBURG, GM","157.5","","157.5","E","185","E","105","E","5","E","30","","0","E","80","E","20","E","94","E","0","E","-15.5","E,1214,","160",",E,0203,","35.7",",E,0908,","32.1","E,0815,","-0.8","E,1109","-2.2","E,1110","-4.8","E,1111","-15.1","E,1213","-15.1","E,1213","-0.4","E,0423","-2.3","E,0414","-4.8","E,0227","-7.2","E,0119","-10.3","E,0116","2966.8","","2966.8","E","1052.0",",E","9.95","E","14.00","E","5.90","E"
"GM000004199","2002","48.1667","11.5025","515.0","MUNCHEN NYMPHENBURG, GM","164.7","","164.7","E","164","E","95","E","9","E","14","","0","E","54","E","17","E","92","E","2","E","-12.5","E,0105,","60",",E,0101,","81.8",",E,0518,","33.9","E,0618,","-0.4","E,1207","-3.9","E,1208","-7.0","E,1209","-7.0","E,1209","","","-1.8","E,0407","-2.4","E,0326","-5.6","E,0118","-6.8","E,0116","-11.2","E,0111","3081.3","","3081.3","E","1126.4",",E","10.66","E","14.91","E","6.42","E"
"GM000004199","2003","48.1667","11.5025","515.0","MUNCHEN NYMPHENBURG, GM","389.8","","389.8","E","135","E","73","E","3","E","49","","0","E","100","E","24","E","121","E","18","E","-13.1","E,0112,","200",",E,0209,","39.9",",E,0605,","37.0","E,0813,","-1.4","E,1018","-3.2","E,1024","-6.1","E,1208","-7.9","E,1223","-11.4","E,1224","-1.8","E,0409","-4.8","E,0408","-4.8","E,0408","-7.4","E,0225","-9.3","E,0220","3156.3","","3156.3","E","656.9",",E","10.41","E","15.13","E","5.69","E"
"GM000004199","2004","48.1667","11.5025","515.0","MUNCHEN NYMPHENBURG, GM","144.4","","144.4","E","159","E","104","E","1","E","44","","0","E","92","E","22","E","91","E","0","E","-11.5","E,0103,","190",",E,0126,","26.2",",E,0708,","31.5","E,0812,","0.0","E,1108","-3.4","E,1114","-5.0","E,1115","-7.5","E,1216","-10.4","E,1220","-0.9","E,0409","-3.2","E,0328","-4.4","E,0310","-6.7","E,0225","-10.7","E,0124","3350.6","","3350.6","E","814.0",",E","9.66","E","13.70","E","5.62","E"
"GM000004199","2005","48.1667","11.5025","515.0","MUNCHEN NYMPHENBURG, GM","144.8","","144.8","E","169","E","102","E","5","E","70","","0","E","90","E","35","E","86","E","2","E","-16.0","E,0301,","380",",E,0203,","63.8",",E,0614,","33.5","E,0728,","-0.2","E,1118","-3.0","E,1119","-4.9","E,1123","-8.0","E,1212","-9.9","E,1230","-4.6","E,0314","-4.6","E,0314","-4.6","E,0314","-6.9","E,0311","-9.8","E,0303","3345.4","","3345.4","E","1017.9",",E","9.36","E","13.51","E","5.21","E"
"GM000004199","2006","48.1667","11.5025","515.0","MUNCHEN NYMPHENBURG, GM","233.3","","233.3","E","160","E","88","E","3","E","47","","0","E","96","E","28","E","104","E","6","E","-13.3","E,0124,","500",",E,0305,","35.2",",E,0304,","34.8","E,0720,","-2.0","E,1102","-2.2","E,1223","-4.5","E,1227","","","","","-2.0","E,0407","-3.4","E,0320","-5.8","E,0315","-7.6","E,0314","-10.8","E,0212","3552.3","","3552.3","E","855.4",",E","10.08","E","14.46","E","5.70","E"
"GM000004199","2007","48.1667","11.5025","515.0","MUNCHEN NYMPHENBURG, GM","173.3","","173.3","E","173","E","95","E","7","E","14","","0","E","54","E","15","E","104","E","2","E","-8.9","E,1220,","180",",E,0128,","46.5",",E,0529,","35.2","E,0716,","-0.2","E,1020","-5.2","E,1115","-5.2","E,1115","-6.8","E,1117","-8.9","E,1220","-0.2","E,0324","-2.5","E,0218","-5.1","E,0127","-7.9","E,0126","","","2482.6","","2482.6","E","1068.8",",E","10.75","E","15.11","E","6.39","E"
"GM000004199","2008","48.1667","11.5025","515.0","MUNCHEN NYMPHENBURG, GM","191.5","","191.5","E","159","E","94","E","4","E","8","","0","E","77","E","7","E","99","E","3","E","-7.9","E,1230,","70",",E,1212,","45.4",",E,0421,","33.0","E,0807,","0.0","E,1031","-2.2","E,1122","-5.2","E,1209","-7.2","E,1229","","","-1.7","E,0408","-2.4","E,0324","-5.6","E,0306","-7.1","E,0217","","","3214.1","","3214.1","E","859.5",",E","10.41","E","14.68","E","6.13","E"
"GM000004199","2009","48.1667","11.5025","515.0","MUNCHEN NYMPHENBURG, GM","175.2","","175.2","E","176","E","111","E","2","E","27","","0","E","86","E","30","E","109","E","2","E","-15.8","E,1220,","230",",E,0221,","47.0",",E,0623,","35.2","E,0723,","-0.4","E,1015","-3.3","E,1213","-4.8","E,1214","-9.3","E,1217","-9.3","E,1217","-2.2","E,0325","-2.2","E,0325","-6.3","E,0220","-10.6","E,0219","-10.6","E,0219","3299.6","","3299.6","E","916.2",",E","10.16","E","14.48","E","5.85","E"
"GM000004199","2010","48.1667","11.5025","515.0","MUNCHEN NYMPHENBURG, GM","173.6","","173.6","E","169","E","101","E","6","E","71","","0","E","97","E","50","E","82","E","7","E","-10.9","E,0308,","170",",E,0202,+","49.7",",E,0602,","33.7","E,0714,","-1.4","E,1021","-3.1","E,1127","-8.5","E,1130","-8.5","E,1130","","","-0.9","E,0315","-4.1","E,0312","-5.8","E,0310","-9.4","E,0309","-9.4","E,0309","3289.9","","3289.9","E","1016.0",",E","9.02","E","12.96","E","5.08","E"
"GM000004199","2011","48.1667","11.5025","515.0","MUNCHEN NYMPHENBURG, GM","177.0","","177.0","E","146","E","84","E","4","E","","","0","E","72","E","17","E","114","E","5","E","-10.5","E,0130,","","","91.5",",E,0629,","35.8","E,0826,","-0.1","E,1021","-2.5","E,1023","","","","","","","-1.0","E,0322","-5.3","E,0308","-5.3","E,0308","-8.7","E,0223","-10.5","E,0130","3178.3","","3178.3","E","972.3",",E","10.74","E","15.42","E","6.05","E"
"GM000004199","2012","48.1667","11.5025","515.0","MUNCHEN NYMPHENBURG, GM","199.7","","199.7","E","177","E","101","E","5","E","","","0","E","67","E","23","E","112","E","5","E","-16.6","E,0212,","","","46.3",",E,0620,","34.7","E,0820,","-1.4","E,1027","-2.6","E,1130","-5.5","E,1207","-9.6","E,1212","-9.6","E,1212","-1.2","E,0409","-5.5","E,0222","-5.5","E,0222","-14.5","E,0213","-14.5","E,0213","3106.0","","3106.0","E","963.6",",E","10.33","E","14.65","E","6.00","E"
"GM000004199","2013","48.1667","11.5025","515.0","MUNCHEN NYMPHENBURG, GM","209.6","","209.6","E","161","E","90","E","6","E","","","0","E","89","E","29","E","93","E","13","E","-9.2","E,0210,","","","56.7",",E,0602,","36.9","E,0727,","-3.0","E,1125","-3.0","E,1125","-5.8","E,1127","","","","","-0.7","E,0408","-4.2","E,0328","-5.5","E,0327","-8.3","E,0223","-9.2","E,0210","3370.8","","3370.8","E","930.0",",E","9.66","E","13.66","E","5.67","E"
"GM000004199","2014","48.1667","11.5025","515.0","MUNCHEN NYMPHENBURG, GM","131.2","","131.2","E","152","E","86","E","3","E","6","","0","E","34","E","3","E","99","E","3","E","-11.6","E,1229,","300",",E,1231,","35.3",",E,0721,","33.9","E,0609,","-1.8","E,1209","-2.3","E,1210","-10.7","E,1228","-10.7","E,1228","-10.7","E,1228","-0.8","E,0417","-3.2","E,0201","-5.7","E,0101","","","","","2789.3","","2789.3","E","854.0",",E","11.26","E","15.59","E","6.93","E"
"GM000004199","2015","48.1667","11.5025","515.0","MUNCHEN NYMPHENBURG, GM","327.6","","327.6","E","150","E","77","E","5","E","","","0","E","76","E","6","E","99","E","19","E","-9.1","E,0204,","","","56.9",",E,1120,","36.9","E,0705,","-0.6","E,1102","-2.3","E,1123","","","","","","","-1.5","E,0407","-3.2","E,0227","-4.5","E,0214","-9.1","E,0204","-9.1","E,0204","2939.2","","2939.2","E","848.9",",E","11.24","E","15.79","E","6.68","E"
"GM000004199","2016","48.1667","11.5025","515.0","MUNCHEN NYMPHENBURG, GM","207.3","","207.3","E","167","E","97","E","4","E","","","0","E","65","E","8","E","107","E","2","E","-8.1","E,0122,","","","31.3",",E,0904,","33.2","E,0711,+","-1.5","E,1104","-2.9","E,1114","-4.7","E,1129","","","","","0.0","E,0425","-2.7","E,0309","-7.9","E,0123","-7.9","E,0123","","","2820.1","","2820.1","E","954.9",",E","10.69","E","14.95","E","6.43","E"
"GM000004199","2017","48.1667","11.5025","515.0","MUNCHEN NYMPHENBURG, GM","263.6","","263.6","E","161","E","95","E","3","E","","","0","E","72","E","19","E","107","E","5","E","-14.8","E,0107,","","","34.5",",E,0818,","35.8","E,0801,","-1.6","E,1114","-2.3","E,1201","-4.5","E,1210","","","","","0.0","E,0430","-2.7","E,0219","-5.8","E,0130","-8.2","E,0129","-9.7","E,0128","3079.2","","3079.2","E","920.7",",E","10.63","E","15.10","E","6.17","E"
"GM000004199","2018","48.1667","11.5025","515.0","MUNCHEN NYMPHENBURG, GM","295.6","","295.6","E","136","E","79","E","4","E","","","0","E","68","E","15","E","142","E","6","E","-13.4","E,0228,","","","61.7",",E,0612,","35.1","E,0809,","0.0","E,1117","-2.6","E,1214","-4.7","E,1215","","","","","-1.2","E,0325","-4.7","E,0322","-4.7","E,0322","-9.3","E,0302","-9.3","E,0302","2875.2","","2875.2","E","945.1",",E","11.58","E","16.10","E","7.06","E"
"GM000004199","2019","48.1667","11.5025","515.0","MUNCHEN NYMPHENBURG, GM","","","","","","","","","","","","","","","","","","","","","","","","","","","","","","","","","","","","","","","","","","","","","","","","","","","2831.6","","2831.6","E","","","","","","","",""
